_id,parentId,schoolId,name,rollNo,admissionNo,fatherName,occupation,motherName,mobileNumber,address,email,DOB,isRegistered,roles,profilePictureUrl,parentProfilePictureUrl,gender
596393970148403c09545001,596393970148403c09546001,596393970148403c09541001,Lois,1,70001,JAMES,Sofware Engineer,MARY,9999999999,923 North 1400 East,danica_bruschke@gmail.com,        01/02/2013,TRUE,1200,https://s3.ap-south-1.amazonaws.com/letzlap/lap_images/profilepic/child2.jpg,https://s3.ap-south-1.amazonaws.com/letzlap/lap_images/profilepic/parent1.jpeg,male
596393970148403c09545002,596393970148403c09546002,596393970148403c09541001,Alex,2,70002,JOHN,Sofware Engineer,PATRICIA,5555588888,931 South 300 West,wilda@gmail.com,        02/03/2013,TRUE,1200,https://s3.ap-south-1.amazonaws.com/letzlap/lap_images/profilepic/child3.jpg,https://s3.ap-south-1.amazonaws.com/letzlap/lap_images/profilepic/parent2.jpg,male
596393970148403c09545003,596393970148403c09546003,596393970148403c09541001,Elizabeth,3,70003,ROBERT,Sofware Engineer,LINDA,9629889684,1726 East 1330 North,elvera.benimadho@gmail.com,        03/24/2011,TRUE,1200,https://s3.ap-south-1.amazonaws.com/letzlap/lap_images/profilepic/child1.jpg,https://s3.ap-south-1.amazonaws.com/letzlap/lap_images/profilepic/parent1.jpeg,female
596393970148403c09545004,596393970148403c09546004,596393970148403c09541001,Emmelie,4,70004,MICHAEL,Sofware Engineer,BARBARA,9629889685,2710 West 3700 North,carma@gmail.com,        04/11/2010,TRUE,1200,https://s3.ap-south-1.amazonaws.com/letzlap/lap_images/profilepic/child1.jpg,https://s3.ap-south-1.amazonaws.com/letzlap/lap_images/profilepic/parent1.jpeg,female
596393970148403c09545005,596393970148403c09546002,596393970148403c09541001,Anna,5,70005,JOHN,Sofware Engineer,PATRICIA,5555588888,931 South 300 West,wilda@gmail.com,        05/05/2013,TRUE,1200,https://s3.ap-south-1.amazonaws.com/letzlap/lap_images/profilepic/child1.jpg,https://s3.ap-south-1.amazonaws.com/letzlap/lap_images/profilepic/parent2.jpg,female
596393970148403c09545006,596393970148403c09546006,596393970148403c09541001,Daniel,6,70006,DAVID,Sofware Engineer,JENNIFER,9629889687,44 West 300 South,natalie.fern@gmail.com,        06/26/2008,TRUE,1200,https://s3.ap-south-1.amazonaws.com/letzlap/lap_images/profilepic/child3.jpg,https://s3.ap-south-1.amazonaws.com/letzlap/lap_images/profilepic/parent1.jpeg,male
596393970148403c09545007,596393970148403c09546007,596393970148403c09541001,Joseph,7,70007,RICHARD,Sofware Engineer,MARIA,9629889688,92 South 200 East,lisha@gmail.com,        07/12/2013,TRUE,1200,https://s3.ap-south-1.amazonaws.com/letzlap/lap_images/profilepic/child2.jpg,https://s3.ap-south-1.amazonaws.com/letzlap/lap_images/profilepic/parent2.jpg,male
596393970148403c09545008,596393970148403c09546008,596393970148403c09541001,Jake,8,70008,CHARLES,Sofware Engineer,SUSAN,9629889689,103 South 1230 East,arlene_klusman@gmail.com,        08/19/2012,TRUE,1200,https://s3.ap-south-1.amazonaws.com/letzlap/lap_images/profilepic/child3.jpg,https://s3.ap-south-1.amazonaws.com/letzlap/lap_images/profilepic/parent2.jpg,male
596393970148403c09545009,596393970148403c09546009,596393970148403c09541001,Jake,9,70009,JOSEPH,Sofware Engineer,MARGARET,9629889690,103 South 1230 East,alease@gmail.com,        09/16/2011,TRUE,1200,https://s3.ap-south-1.amazonaws.com/letzlap/lap_images/profilepic/child2.jpg,https://s3.ap-south-1.amazonaws.com/letzlap/lap_images/profilepic/parent1.jpeg,male
596393970148403c09545010,596393970148403c09546010,596393970148403c09541001,Sara,10,70010,THOMAS,Sofware Engineer,DOROTHY,9629889691,371 North 1420 East,louisa@gmail.com,        08/02/2010,TRUE,1200,https://s3.ap-south-1.amazonaws.com/letzlap/lap_images/profilepic/child1.jpg,https://s3.ap-south-1.amazonaws.com/letzlap/lap_images/profilepic/parent2.jpg,female
596393970148403c09545011,596393970148403c09546011,596393970148403c09541001,Jared,11,70011,CHRISTOPHER,Sofware Engineer,LISA,9629889692,706 North 300 East,angella.cetta@gmail.com,        02/20/1999,TRUE,1200,https://s3.ap-south-1.amazonaws.com/letzlap/lap_images/profilepic/child3.jpg,https://s3.ap-south-1.amazonaws.com/letzlap/lap_images/profilepic/parent1.jpeg,male
596393970148403c09545012,596393970148403c09546012,596393970148403c09541001,So-Ri,12,70012,DANIEL,Sofware Engineer,NANCY,9629889693,706 North 300 East,cgoldammer@gmail.comt,        02/22/2000,TRUE,1200,https://s3.ap-south-1.amazonaws.com/letzlap/lap_images/profilepic/child2.jpg,https://s3.ap-south-1.amazonaws.com/letzlap/lap_images/profilepic/parent2.jpg,female
596393970148403c09545013,596393970148403c09546013,596393970148403c09541001,Edward,13,70013,PAUL,Sofware Engineer,KAREN,9629889694,1237 East Orchard Heights,rosio.cork@gmail.com,        03/23/2001,TRUE,1200,https://s3.ap-south-1.amazonaws.com/letzlap/lap_images/profilepic/child3.jpg,https://s3.ap-south-1.amazonaws.com/letzlap/lap_images/profilepic/parent1.jpeg,male
596393970148403c09545014,596393970148403c09546014,596393970148403c09541001,Joe,14,70014,MARK,Sofware Engineer,BETTY,9629889695,1237 Island Dr. #2,ckorando@gmail.com,        04/11/2002,TRUE,1200,https://s3.ap-south-1.amazonaws.com/letzlap/lap_images/profilepic/child2.jpg,https://s3.ap-south-1.amazonaws.com/letzlap/lap_images/profilepic/parent2.jpg,male
596393970148403c09545015,596393970148403c09546015,596393970148403c09541001,Jon,15,70015,DONALD,Sofware Engineer,HELEN,9629889696,79 North Main PO Box 79,twana.felger@gmail.com,        06/21/2003,TRUE,1200,https://s3.ap-south-1.amazonaws.com/letzlap/lap_images/profilepic/child3.jpg,https://s3.ap-south-1.amazonaws.com/letzlap/lap_images/profilepic/parent1.jpeg,male
596393970148403c09545016,596393970148403c09546016,596393970148403c09541001,Jenna,16,70016,GEORGE,Sofware Engineer,SANDRA,9629889697,PO Box 33 463 West Main Street,estrella@gmail.com,        05/25/2004,TRUE,1200,https://s3.ap-south-1.amazonaws.com/letzlap/lap_images/profilepic/child1.jpg,https://s3.ap-south-1.amazonaws.com/letzlap/lap_images/profilepic/parent2.jpg,female
596393970148403c09545017,596393970148403c09546017,596393970148403c09541001,Aonna,17,70017,KENNETH,Sofware Engineer,DONNA,9629889698,311 East 30 North,dkines@gmail.com,        07/26/2005,TRUE,1200,https://s3.ap-south-1.amazonaws.com/letzlap/lap_images/profilepic/child3.jpg,https://s3.ap-south-1.amazonaws.com/letzlap/lap_images/profilepic/parent1.jpeg,female
596393970148403c09545018,596393970148403c09546018,596393970148403c09541001,Josh,18,70018,STEVEN,Sofware Engineer,CAROL,9629889699,322 East 200 South,tiffiny_steffensmeier@gmail.com,        09/12/2002,TRUE,1200,https://s3.ap-south-1.amazonaws.com/letzlap/lap_images/profilepic/child1.jpg,https://s3.ap-south-1.amazonaws.com/letzlap/lap_images/profilepic/parent2.jpg,male
596393970148403c09545019,596393970148403c09546019,596393970148403c09541001,Josie,19,70019,EDWARD,Sofware Engineer,RUTH,9629889700,64 Canterbury Lane,emiceli@gmail.com,        08/18/2003,TRUE,1200,https://s3.ap-south-1.amazonaws.com/letzlap/lap_images/profilepic/child3.jpg,https://s3.ap-south-1.amazonaws.com/letzlap/lap_images/profilepic/parent1.jpeg,female
596393970148403c09545020,596393970148403c09546020,596393970148403c09541001,Julius,20,70020,BRIAN,Sofware Engineer,SHARON,9629889701,937 Sumac Drive,sue@gmail.com,       09/22/1999,TRUE,1200,https://s3.ap-south-1.amazonaws.com/letzlap/lap_images/profilepic/child2.jpg,https://s3.ap-south-1.amazonaws.com/letzlap/lap_images/profilepic/parent2.jpg,female
596393970148403c09545021,596393970148403c09546021,596393970148403c09541001,Derrick,21,70021,RONALD,Sofware Engineer,MICHELLE,9629889702,373 Edgewood Dr.,jshin@gmail.com,        03/15/2006,TRUE,1200,https://s3.ap-south-1.amazonaws.com/letzlap/lap_images/profilepic/child3.jpg,https://s3.ap-south-1.amazonaws.com/letzlap/lap_images/profilepic/parent1.jpeg,male
596393970148403c09545022,596393970148403c09546022,596393970148403c09541001,John,22,70022,ANTHONY,Sofware Engineer,LAURA,9629889703,270 West 400 South,rolland@gmail.com,        05/13/2007,TRUE,1200,https://s3.ap-south-1.amazonaws.com/letzlap/lap_images/profilepic/child2.jpg,https://s3.ap-south-1.amazonaws.com/letzlap/lap_images/profilepic/parent2.jpg,male
596393970148403c09545023,596393970148403c09546023,596393970148403c09541001,Gordon,23,70023,KEVIN,Sofware Engineer,SARAH,9629889704,397 N 300 W,pamella.schmierer@gmail.com,        06/14/2008,TRUE,1200,https://s3.ap-south-1.amazonaws.com/letzlap/lap_images/profilepic/child3.jpg,https://s3.ap-south-1.amazonaws.com/letzlap/lap_images/profilepic/parent1.jpeg,male
596393970148403c09545024,596393970148403c09546024,596393970148403c09541001,Thomas,24,70024,JASON,Sofware Engineer,KIMBERLY,9629889705,373 Bringhurst Dr.,gkulzer@kulzer.org,        07/21/2010,TRUE,1200,https://s3.ap-south-1.amazonaws.com/letzlap/lap_images/profilepic/child2.jpg,https://s3.ap-south-1.amazonaws.com/letzlap/lap_images/profilepic/parent2.jpg,male
596393970148403c09545025,596393970148403c09546025,596393970148403c09541001,Rick,25,70025,MATTHEW,Sofware Engineer,DEBORAH,9629889706,114 East Stadium Dr.,shawna_palaspas@gmail.com,        08/22/2009,TRUE,1200,https://s3.ap-south-1.amazonaws.com/letzlap/lap_images/profilepic/child1.jpg,https://s3.ap-south-1.amazonaws.com/letzlap/lap_images/profilepic/parent1.jpeg,female
596393970148403c09545026,596393970148403c09546026,596393970148403c09541001,Nate,26,70026,GARY,Sofware Engineer,JESSICA,9629889707,179 West 1190 North,brandon_callaro@gmail.com,        09/23/1998,TRUE,1200,https://s3.ap-south-1.amazonaws.com/letzlap/lap_images/profilepic/child1.jpg,https://s3.ap-south-1.amazonaws.com/letzlap/lap_images/profilepic/parent2.jpg,male
596393970148403c09545027,596393970148403c09546027,596393970148403c09541001,Raja,27,70027,TIMOTHY,Sofware Engineer,SHIRLEY,7373538256,180 West 1190 North,scarlet.cartan@gmail.com,        10/12/1997,TRUE,1200,https://s3.ap-south-1.amazonaws.com/letzlap/lap_images/profilepic/child3.jpg,https://s3.ap-south-1.amazonaws.com/letzlap/lap_images/profilepic/parent1.jpeg,male
596393970148403c09545028,596393970148403c09546028,596393970148403c09541001,Kathick,28,70028,JOSE,Sofware Engineer,CYNTHIA,7373538257,181 West 1190 North,oretha_menter@gmail.com,        01/13/2000,TRUE,1200,https://s3.ap-south-1.amazonaws.com/letzlap/lap_images/profilepic/child2.jpg,https://s3.ap-south-1.amazonaws.com/letzlap/lap_images/profilepic/parent2.jpg,female
596393970148403c09545029,596393970148403c09546029,596393970148403c09541001,Rajesh,29,70029,LARRY,Sofware Engineer,ANGELA,7373538258,182 West 1190 North,tsmith@gmail.com,        02/14/1998,TRUE,1200,https://s3.ap-south-1.amazonaws.com/letzlap/lap_images/profilepic/child3.jpg,https://s3.ap-south-1.amazonaws.com/letzlap/lap_images/profilepic/parent1.jpeg,male
596393970148403c09545030,596393970148403c09546030,596393970148403c09541001,Manoj,30,70030,JEFFREY,Sofware Engineer,MELISSA,7373538259,183 West 1190 North,xuan@gmail.com,        03/15/1996,TRUE,1200,https://s3.ap-south-1.amazonaws.com/letzlap/lap_images/profilepic/child2.jpg,https://s3.ap-south-1.amazonaws.com/letzlap/lap_images/profilepic/parent2.jpg,female
596393970148403c09545031,596393970148403c09546031,596393970148403c09541001,Saravana,31,70031,FRANK,Sofware Engineer,BRENDA,7373538260,184 West 1190 North,lindsey.dilello@gmail.com,        04/16/1997,TRUE,1200,https://s3.ap-south-1.amazonaws.com/letzlap/lap_images/profilepic/child3.jpg,https://s3.ap-south-1.amazonaws.com/letzlap/lap_images/profilepic/parent1.jpeg,female
596393970148403c09545032,596393970148403c09546032,596393970148403c09541001,Praveen,32,70032,SCOTT,Sofware Engineer,AMY,7373538261,185 West 1190 North,devora_perez@perez.org,        05/17/2011,TRUE,1200,https://s3.ap-south-1.amazonaws.com/letzlap/lap_images/profilepic/child2.jpg,https://s3.ap-south-1.amazonaws.com/letzlap/lap_images/profilepic/parent2.jpg,male
596393970148403c09545033,596393970148403c09546033,596393970148403c09541001,James,33,70033,ERIC,Sofware Engineer,ANNA,7373538262,186 West 1190 North,hdemesa@cox.net,        06/18/1996,TRUE,1200,https://s3.ap-south-1.amazonaws.com/letzlap/lap_images/profilepic/child3.jpg,https://s3.ap-south-1.amazonaws.com/letzlap/lap_images/profilepic/parent1.jpeg,female
596393970148403c09545034,596393970148403c09546034,596393970148403c09541001,Josephine,34,70034,STEPHEN,Sofware Engineer,REBECCA,7373538263,187 West 1190 North,rpapasergi@cox.net,        07/19/1998,TRUE,1200,https://s3.ap-south-1.amazonaws.com/letzlap/lap_images/profilepic/child2.jpg,https://s3.ap-south-1.amazonaws.com/letzlap/lap_images/profilepic/parent2.jpg,male
596393970148403c09545035,596393970148403c09546035,596393970148403c09541001,Art,35,70035,ANDREW,Sofware Engineer,VIRGINIA,7373538264,188 West 1190 North,talia_riopelle@aol.com,        08/20/1997,TRUE,1200,https://s3.ap-south-1.amazonaws.com/letzlap/lap_images/profilepic/child1.jpg,https://s3.ap-south-1.amazonaws.com/letzlap/lap_images/profilepic/parent1.jpeg,female
596393970148403c09545036,596393970148403c09546036,596393970148403c09541001,Lenna,36,70036,RAYMOND,Sofware Engineer,KATHLEEN,7373538265,189 West 1190 North,van.shire@shire.com,        09/21/1998,TRUE,1200,https://s3.ap-south-1.amazonaws.com/letzlap/lap_images/profilepic/child1.jpg,https://s3.ap-south-1.amazonaws.com/letzlap/lap_images/profilepic/parent2.jpg,male
596393970148403c09545037,596393970148403c09546037,596393970148403c09541001,Donette,37,70037,GREGORY,Sofware Engineer,PAMELA,7373538266,190 West 1190 North,lucina_lary@cox.net,        10/22/1999,TRUE,1200,https://s3.ap-south-1.amazonaws.com/letzlap/lap_images/profilepic/child1.jpg,https://s3.ap-south-1.amazonaws.com/letzlap/lap_images/profilepic/parent1.jpeg,male
596393970148403c09545038,596393970148403c09546038,596393970148403c09541001,Simona,38,70038,JOSHUA,Sofware Engineer,MARTHA,7373538267,191 West 1190 North,bok.isaacs@aol.com,        01/23/1996,TRUE,1200,https://s3.ap-south-1.amazonaws.com/letzlap/lap_images/profilepic/child1.jpg,https://s3.ap-south-1.amazonaws.com/letzlap/lap_images/profilepic/parent2.jpg,male
596393970148403c09545039,596393970148403c09546039,596393970148403c09541001,Mitsue,39,70039,JERRY,Sofware Engineer,DEBRA,7373538268,192 West 1190 North,rolande.spickerman@spickerman.com,        02/24/1996,TRUE,1200,https://s3.ap-south-1.amazonaws.com/letzlap/lap_images/profilepic/child3.jpg,https://s3.ap-south-1.amazonaws.com/letzlap/lap_images/profilepic/parent1.jpeg,female
596393970148403c09545040,596393970148403c09546040,596393970148403c09541001,Leota,40,70040,DENNIS,Sofware Engineer,AMANDA,7373538269,193 West 1190 North,kiley.caldarera@aol.com,        03/25/1999,TRUE,1200,https://s3.ap-south-1.amazonaws.com/letzlap/lap_images/profilepic/child2.jpg,https://s3.ap-south-1.amazonaws.com/letzlap/lap_images/profilepic/parent2.jpg,female
596393970148403c09545041,596393970148403c09546041,596393970148403c09541001,Sage,41,70041,WALTER,Sofware Engineer,STEPHANIE,7373538270,194 West 1190 North,gruta@cox.net,        04/26/2005,TRUE,1200,https://s3.ap-south-1.amazonaws.com/letzlap/lap_images/profilepic/child3.jpg,https://s3.ap-south-1.amazonaws.com/letzlap/lap_images/profilepic/parent1.jpeg,female
596393970148403c09545042,596393970148403c09546042,596393970148403c09541001,Kris,42,70042,PATRICK,Sofware Engineer,CAROLYN,7373538271,195 West 1190 North,calbares@gmail.com,        05/27/2013,TRUE,1200,https://s3.ap-south-1.amazonaws.com/letzlap/lap_images/profilepic/child1.jpg,https://s3.ap-south-1.amazonaws.com/letzlap/lap_images/profilepic/parent2.jpg,male
596393970148403c09545043,596393970148403c09546043,596393970148403c09541001,Minna,43,70043,PETER,Sofware Engineer,CHRISTINE,7373538272,196 West 1190 North,mattie@aol.com,        06/28/1998,TRUE,1200,https://s3.ap-south-1.amazonaws.com/letzlap/lap_images/profilepic/child1.jpg,https://s3.ap-south-1.amazonaws.com/letzlap/lap_images/profilepic/parent1.jpeg,female
596393970148403c09545044,596393970148403c09546044,596393970148403c09541001,Abel,44,70044,HAROLD,Sofware Engineer,MARIE,7373538273,197 West 1190 North,meaghan@hotmail.com,        07/11/2013,TRUE,1200,https://s3.ap-south-1.amazonaws.com/letzlap/lap_images/profilepic/child3.jpg,https://s3.ap-south-1.amazonaws.com/letzlap/lap_images/profilepic/parent2.jpg,male
596393970148403c09545045,596393970148403c09546045,596393970148403c09541001,Kiley,45,70045,DOUGLAS,Sofware Engineer,JANET,7373538274,198 West 1190 North,gladys.rim@rim.org,        08/12/1998,TRUE,1200,https://s3.ap-south-1.amazonaws.com/letzlap/lap_images/profilepic/child2.jpg,https://s3.ap-south-1.amazonaws.com/letzlap/lap_images/profilepic/parent1.jpeg,female
596393970148403c09545046,596393970148403c09546046,596393970148403c09541001,Graciela,46,70046,HENRY,Sofware Engineer,CATHERINE,7373538275,199 West 1190 North,yuki_whobrey@aol.com,        09/13/1997,TRUE,1200,https://s3.ap-south-1.amazonaws.com/letzlap/lap_images/profilepic/child1.jpg,https://s3.ap-south-1.amazonaws.com/letzlap/lap_images/profilepic/parent2.jpg,female
596393970148403c09545047,596393970148403c09546047,596393970148403c09541001,Cammy,47,70047,CARL,Sofware Engineer,FRANCES,7373538276,200 West 1190 North,fletcher.flosi@yahoo.com,        10/14/1999,TRUE,1200,https://s3.ap-south-1.amazonaws.com/letzlap/lap_images/profilepic/child1.jpg,https://s3.ap-south-1.amazonaws.com/letzlap/lap_images/profilepic/parent1.jpeg,female
596393970148403c09545048,596393970148403c09546048,596393970148403c09541001,Mattie,48,70048,ARTHUR,Sofware Engineer,ANN,7373538277,201 West 1190 North,bette_nicka@cox.net,        01/15/1998,TRUE,1200,https://s3.ap-south-1.amazonaws.com/letzlap/lap_images/profilepic/child1.jpg,https://s3.ap-south-1.amazonaws.com/letzlap/lap_images/profilepic/parent2.jpg,male
596393970148403c09545049,596393970148403c09546049,596393970148403c09541001,Meaghan,49,70049,RYAN,Sofware Engineer,JOYCE,7373538278,202 West 1190 North,vinouye@aol.com,        02/16/1999,TRUE,1200,https://s3.ap-south-1.amazonaws.com/letzlap/lap_images/profilepic/child1.jpg,https://s3.ap-south-1.amazonaws.com/letzlap/lap_images/profilepic/parent1.jpeg,male
596393970148403c09545050,596393970148403c09546050,596393970148403c09541001,Gladys,50,70050,ROGER,Sofware Engineer,DIANE,7373538279,203 West 1190 North,willard@hotmail.com,        03/17/2006,TRUE,1200,https://s3.ap-south-1.amazonaws.com/letzlap/lap_images/profilepic/child1.jpg,https://s3.ap-south-1.amazonaws.com/letzlap/lap_images/profilepic/parent2.jpg,male
596393970148403c09545051,596393970148403c09546051,596393970148403c09541001,Yuki,51,70051,JOE,Sofware Engineer,ALICE,7373538280,204 West 1190 North,mroyster@royster.com,        04/18/2007,TRUE,1200,https://s3.ap-south-1.amazonaws.com/letzlap/lap_images/profilepic/child1.jpg,https://s3.ap-south-1.amazonaws.com/letzlap/lap_images/profilepic/parent1.jpeg,female
596393970148403c09545052,596393970148403c09546052,596393970148403c09541001,Fletcher,52,70052,JUAN,Sofware Engineer,JULIE,7373538281,205 West 1190 North,alisha@slusarski.com,        05/19/2008,TRUE,1200,https://s3.ap-south-1.amazonaws.com/letzlap/lap_images/profilepic/child3.jpg,https://s3.ap-south-1.amazonaws.com/letzlap/lap_images/profilepic/parent2.jpg,female
596393970148403c09545053,596393970148403c09546053,596393970148403c09541001,Bette,53,70053,JACK,Sofware Engineer,HEATHER,7373538282,206 West 1190 North,allene_iturbide@cox.net,        06/20/2007,TRUE,1200,https://s3.ap-south-1.amazonaws.com/letzlap/lap_images/profilepic/child2.jpg,https://s3.ap-south-1.amazonaws.com/letzlap/lap_images/profilepic/parent1.jpeg,female
596393970148403c09545054,596393970148403c09546054,596393970148403c09541001,Veronika,54,70054,ALBERT,Sofware Engineer,TERESA,7373538283,207 West 1190 North,chanel.caudy@caudy.org,        07/21/1999,TRUE,1200,https://s3.ap-south-1.amazonaws.com/letzlap/lap_images/profilepic/child3.jpg,https://s3.ap-south-1.amazonaws.com/letzlap/lap_images/profilepic/parent2.jpg,male
596393970148403c09545055,596393970148403c09546055,596393970148403c09541001,Willard,55,70055,JONATHAN,Sofware Engineer,DORIS,7373538284,208 West 1190 North,ezekiel@chui.com,        08/22/2011,TRUE,1200,https://s3.ap-south-1.amazonaws.com/letzlap/lap_images/profilepic/child2.jpg,https://s3.ap-south-1.amazonaws.com/letzlap/lap_images/profilepic/parent1.jpeg,male
596393970148403c09545056,596393970148403c09546056,596393970148403c09541001,Maryann,56,70056,JUSTIN,Sofware Engineer,GLORIA,7373538285,209 West 1190 North,wkusko@yahoo.com,        09/23/2012,TRUE,1200,https://s3.ap-south-1.amazonaws.com/letzlap/lap_images/profilepic/child3.jpg,https://s3.ap-south-1.amazonaws.com/letzlap/lap_images/profilepic/parent2.jpg,female
596393970148403c09545057,596393970148403c09546057,596393970148403c09541001,Alisha,57,70057,TERRY,Sofware Engineer,EVELYN,7373538286,210 West 1190 North,bfigeroa@aol.com,        10/24/1998,TRUE,1200,https://s3.ap-south-1.amazonaws.com/letzlap/lap_images/profilepic/child1.jpg,https://s3.ap-south-1.amazonaws.com/letzlap/lap_images/profilepic/parent1.jpeg,female
596393970148403c09545058,596393970148403c09546058,596393970148403c09541001,Allene,58,70058,GERALD,Sofware Engineer,JEAN,7373538287,211 West 1190 North,ammie@corrio.com,        01/25/1997,TRUE,1200,https://s3.ap-south-1.amazonaws.com/letzlap/lap_images/profilepic/child1.jpg,https://s3.ap-south-1.amazonaws.com/letzlap/lap_images/profilepic/parent2.jpg,male
596393970148403c09545059,596393970148403c09546059,596393970148403c09541001,Chanel,59,70059,KEITH,Sofware Engineer,CHERYL,7373538288,212 West 1190 North,francine_vocelka@vocelka.com,        02/26/1999,TRUE,1200,https://s3.ap-south-1.amazonaws.com/letzlap/lap_images/profilepic/child3.jpg,https://s3.ap-south-1.amazonaws.com/letzlap/lap_images/profilepic/parent1.jpeg,male
596393970148403c09545060,596393970148403c09546060,596393970148403c09541001,Ezekiel,60,70060,SAMUEL,Sofware Engineer,MILDRED,7373538289,213 West 1190 North,ernie_stenseth@aol.com,        03/27/2009,TRUE,1200,https://s3.ap-south-1.amazonaws.com/letzlap/lap_images/profilepic/child2.jpg,https://s3.ap-south-1.amazonaws.com/letzlap/lap_images/profilepic/parent2.jpg,female
596393970148403c09545061,596393970148403c09546061,596393970148403c09541002,Willow,61,70061,WILLIE,Sofware Engineer,KATHERINE,7373538290,214 West 1190 North,albina@glick.com,        04/28/2010,TRUE,1200,https://s3.ap-south-1.amazonaws.com/letzlap/lap_images/profilepic/child3.jpg,https://s3.ap-south-1.amazonaws.com/letzlap/lap_images/profilepic/parent1.jpeg,female
596393970148403c09545062,596393970148403c09546062,596393970148403c09541002,Bernardo,62,70062,RALPH,Sofware Engineer,JOAN,7373538291,215 West 1190 North,asergi@gmail.com,        05/11/1999,TRUE,1200,https://s3.ap-south-1.amazonaws.com/letzlap/lap_images/profilepic/child2.jpg,https://s3.ap-south-1.amazonaws.com/letzlap/lap_images/profilepic/parent2.jpg,female
596393970148403c09545063,596393970148403c09546063,596393970148403c09541002,Ammie,63,70063,LAWRENCE,Sofware Engineer,ASHLEY,7373538292,216 West 1190 North,solange@shinko.com,        06/12/1997,TRUE,1200,https://s3.ap-south-1.amazonaws.com/letzlap/lap_images/profilepic/child1.jpg,https://s3.ap-south-1.amazonaws.com/letzlap/lap_images/profilepic/parent1.jpeg,male
596393970148403c09545064,596393970148403c09546064,596393970148403c09541002,Francine,64,70064,NICHOLAS,Sofware Engineer,JUDITH,7373538293,217 West 1190 North,jose@yahoo.com,        07/13/1998,TRUE,1200,https://s3.ap-south-1.amazonaws.com/letzlap/lap_images/profilepic/child3.jpg,https://s3.ap-south-1.amazonaws.com/letzlap/lap_images/profilepic/parent2.jpg,female
596393970148403c09545065,596393970148403c09546065,596393970148403c09541002,Ernie,65,70065,ROY,Sofware Engineer,ROSE,7373538294,218 West 1190 North,rozella.ostrosky@ostrosky.com,        08/14/2000,TRUE,1200,https://s3.ap-south-1.amazonaws.com/letzlap/lap_images/profilepic/child1.jpg,https://s3.ap-south-1.amazonaws.com/letzlap/lap_images/profilepic/parent1.jpeg,male
596393970148403c09545066,596393970148403c09546066,596393970148403c09541002,Albina,66,70066,BENJAMIN,Sofware Engineer,JANICE,7373538295,219 West 1190 North,valentine_gillian@gmail.com,        09/15/2003,TRUE,1200,https://s3.ap-south-1.amazonaws.com/letzlap/lap_images/profilepic/child1.jpg,https://s3.ap-south-1.amazonaws.com/letzlap/lap_images/profilepic/parent2.jpg,female
596393970148403c09545067,596393970148403c09546067,596393970148403c09541002,Alishia,67,70067,BRUCE,Sofware Engineer,KELLY,7373538296,220 West 1190 North,kati.rulapaugh@hotmail.com,        10/16/2004,TRUE,1200,https://s3.ap-south-1.amazonaws.com/letzlap/lap_images/profilepic/child1.jpg,https://s3.ap-south-1.amazonaws.com/letzlap/lap_images/profilepic/parent1.jpeg,male
596393970148403c09545068,596393970148403c09546068,596393970148403c09541002,Solange,68,70068,BRANDON,Sofware Engineer,NICOLE,7373538297,221 West 1190 North,youlanda@aol.com,        01/17/1996,TRUE,1200,https://s3.ap-south-1.amazonaws.com/letzlap/lap_images/profilepic/child3.jpg,https://s3.ap-south-1.amazonaws.com/letzlap/lap_images/profilepic/parent2.jpg,female
596393970148403c09545069,596393970148403c09546069,596393970148403c09541002,Jose,69,70069,ADAM,Sofware Engineer,JUDY,7373538298,222 West 1190 North,doldroyd@aol.com,        02/18/1997,TRUE,1200,https://s3.ap-south-1.amazonaws.com/letzlap/lap_images/profilepic/child2.jpg,https://s3.ap-south-1.amazonaws.com/letzlap/lap_images/profilepic/parent1.jpeg,female
596393970148403c09545070,596393970148403c09546070,596393970148403c09541002,Rozella,70,70070,HARRY,Sofware Engineer,CHRISTINA,7373538299,223 West 1190 North,roxane@hotmail.com,        03/19/1998,TRUE,1200,https://s3.ap-south-1.amazonaws.com/letzlap/lap_images/profilepic/child1.jpg,https://s3.ap-south-1.amazonaws.com/letzlap/lap_images/profilepic/parent2.jpg,male
596393970148403c09545071,596393970148403c09546071,596393970148403c09541002,Valentine,71,70071,FRED,Sofware Engineer,KATHY,7373538300,224 West 1190 North,lperin@perin.org,        03/20/2006,TRUE,1200,https://s3.ap-south-1.amazonaws.com/letzlap/lap_images/profilepic/child3.jpg,https://s3.ap-south-1.amazonaws.com/letzlap/lap_images/profilepic/parent1.jpeg,male
596393970148403c09545072,596393970148403c09546072,596393970148403c09541002,Kati,72,70072,WAYNE,Sofware Engineer,THERESA,7373538301,225 West 1190 North,erick.ferencz@aol.com,        04/21/2005,TRUE,1200,https://s3.ap-south-1.amazonaws.com/letzlap/lap_images/profilepic/child2.jpg,https://s3.ap-south-1.amazonaws.com/letzlap/lap_images/profilepic/parent2.jpg,male
596393970148403c09545073,596393970148403c09546073,596393970148403c09541002,Youlanda,73,70073,BILLY,Sofware Engineer,BEVERLY,7373538302,226 West 1190 North,fsaylors@saylors.org,        05/22/2006,TRUE,1200,https://s3.ap-south-1.amazonaws.com/letzlap/lap_images/profilepic/child3.jpg,https://s3.ap-south-1.amazonaws.com/letzlap/lap_images/profilepic/parent1.jpeg,female
596393970148403c09545074,596393970148403c09546074,596393970148403c09541002,Dyan,74,70074,STEVE,Sofware Engineer,DENISE,7373538303,227 West 1190 North,jina_briddick@briddick.com,        06/23/1996,TRUE,1200,https://s3.ap-south-1.amazonaws.com/letzlap/lap_images/profilepic/child2.jpg,https://s3.ap-south-1.amazonaws.com/letzlap/lap_images/profilepic/parent2.jpg,female
596393970148403c09545075,596393970148403c09546075,596393970148403c09541002,Roxane,75,70075,LOUIS,Sofware Engineer,TAMMY,7373538304,228 West 1190 North,kanisha_waycott@yahoo.com,        07/24/1999,TRUE,1200,https://s3.ap-south-1.amazonaws.com/letzlap/lap_images/profilepic/child3.jpg,https://s3.ap-south-1.amazonaws.com/letzlap/lap_images/profilepic/parent1.jpeg,male
596393970148403c09545076,596393970148403c09546076,596393970148403c09541002,Lavera,76,70076,JEREMY,Sofware Engineer,IRENE,7373538305,229 West 1190 North,emerson.bowley@bowley.org,        08/25/1998,TRUE,1200,https://s3.ap-south-1.amazonaws.com/letzlap/lap_images/profilepic/child1.jpg,https://s3.ap-south-1.amazonaws.com/letzlap/lap_images/profilepic/parent2.jpg,female
596393970148403c09545077,596393970148403c09546077,596393970148403c09541002,Erick,77,70077,AARON,Sofware Engineer,JANE,7373538306,230 West 1190 North,bmalet@yahoo.com,        09/26/1998,TRUE,1200,https://s3.ap-south-1.amazonaws.com/letzlap/lap_images/profilepic/child3.jpg,https://s3.ap-south-1.amazonaws.com/letzlap/lap_images/profilepic/parent1.jpeg,male
596393970148403c09545078,596393970148403c09546078,596393970148403c09541002,Fatima,78,70078,RANDY,Sofware Engineer,LORI,7373538307,231 West 1190 North,bbolognia@yahoo.com,        10/27/1996,TRUE,1200,https://s3.ap-south-1.amazonaws.com/letzlap/lap_images/profilepic/child1.jpg,https://s3.ap-south-1.amazonaws.com/letzlap/lap_images/profilepic/parent2.jpg,female
596393970148403c09545079,596393970148403c09546079,596393970148403c09541002,Jina,79,70079,HOWARD,Sofware Engineer,RACHEL,7373538308,232 West 1190 North,lnestle@hotmail.com,        01/28/1997,TRUE,1200,https://s3.ap-south-1.amazonaws.com/letzlap/lap_images/profilepic/child2.jpg,https://s3.ap-south-1.amazonaws.com/letzlap/lap_images/profilepic/parent1.jpeg,male
596393970148403c09545080,596393970148403c09546080,596393970148403c09541002,Kanisha,80,70080,EUGENE,Sofware Engineer,MARILYN,7373538309,233 West 1190 North,sabra@uyetake.org,        02/12/1995,TRUE,1200,https://s3.ap-south-1.amazonaws.com/letzlap/lap_images/profilepic/child3.jpg,https://s3.ap-south-1.amazonaws.com/letzlap/lap_images/profilepic/parent2.jpg,female
596393970148403c09545081,596393970148403c09546081,596393970148403c09541002,Emerson,81,70081,CARLOS,Sofware Engineer,ANDREA,7373538310,234 West 1190 North,mmastella@mastella.com,        03/13/1999,TRUE,1200,https://s3.ap-south-1.amazonaws.com/letzlap/lap_images/profilepic/child2.jpg,https://s3.ap-south-1.amazonaws.com/letzlap/lap_images/profilepic/parent1.jpeg,female
596393970148403c09545082,596393970148403c09546082,596393970148403c09541002,Blair,82,70082,RUSSELL,Sofware Engineer,KATHRYN,7373538311,235 West 1190 North,karl_klonowski@yahoo.com,        04/14/1999,TRUE,1200,https://s3.ap-south-1.amazonaws.com/letzlap/lap_images/profilepic/child3.jpg,https://s3.ap-south-1.amazonaws.com/letzlap/lap_images/profilepic/parent2.jpg,female
596393970148403c09545083,596393970148403c09546083,596393970148403c09541002,Brock,83,70083,BOBBY,Sofware Engineer,LOUISE,7373538312,236 West 1190 North,twenner@aol.com,        05/15/1998,TRUE,1200,https://s3.ap-south-1.amazonaws.com/letzlap/lap_images/profilepic/child2.jpg,https://s3.ap-south-1.amazonaws.com/letzlap/lap_images/profilepic/parent1.jpeg,female
596393970148403c09545084,596393970148403c09546084,596393970148403c09541002,Lorrie,84,70084,VICTOR,Sofware Engineer,SARA,7373538313,237 West 1190 North,amber_monarrez@monarrez.org,        06/15/1999,TRUE,1200,https://s3.ap-south-1.amazonaws.com/letzlap/lap_images/profilepic/child3.jpg,https://s3.ap-south-1.amazonaws.com/letzlap/lap_images/profilepic/parent2.jpg,female
596393970148403c09545085,596393970148403c09546085,596393970148403c09541002,Sabra,85,70085,MARTIN,Sofware Engineer,ANNE,7373538314,238 West 1190 North,shenika@gmail.com,        07/16/1996,TRUE,1200,https://s3.ap-south-1.amazonaws.com/letzlap/lap_images/profilepic/child2.jpg,https://s3.ap-south-1.amazonaws.com/letzlap/lap_images/profilepic/parent1.jpeg,male
596393970148403c09545086,596393970148403c09546086,596393970148403c09541002,Marjory,86,70086,ERNEST,Sofware Engineer,JACQUELINE,7373538315,239 West 1190 North,delmy.ahle@hotmail.com,        08/17/1996,TRUE,1200,https://s3.ap-south-1.amazonaws.com/letzlap/lap_images/profilepic/child3.jpg,https://s3.ap-south-1.amazonaws.com/letzlap/lap_images/profilepic/parent2.jpg,male
596393970148403c09545087,596393970148403c09546087,596393970148403c09541002,Karl,87,70087,PHILLIP,Sofware Engineer,WANDA,7373538316,240 West 1190 North,deeanna_juhas@gmail.com,        09/18/2008,TRUE,1200,https://s3.ap-south-1.amazonaws.com/letzlap/lap_images/profilepic/child2.jpg,https://s3.ap-south-1.amazonaws.com/letzlap/lap_images/profilepic/parent1.jpeg,male
596393970148403c09545088,596393970148403c09546088,596393970148403c09541002,Tonette,88,70088,TODD,Sofware Engineer,BONNIE,7373538317,241 West 1190 North,bpugh@aol.com,        10/19/2010,TRUE,1200,https://s3.ap-south-1.amazonaws.com/letzlap/lap_images/profilepic/child3.jpg,https://s3.ap-south-1.amazonaws.com/letzlap/lap_images/profilepic/parent2.jpg,male
596393970148403c09545089,596393970148403c09546089,596393970148403c09541002,Amber,89,70089,JESSE,Sofware Engineer,JULIA,7373538318,242 West 1190 North,jamal@vanausdal.org,        11/20/2011,TRUE,1200,https://s3.ap-south-1.amazonaws.com/letzlap/lap_images/profilepic/child2.jpg,https://s3.ap-south-1.amazonaws.com/letzlap/lap_images/profilepic/parent1.jpeg,female
596393970148403c09545090,596393970148403c09546090,596393970148403c09541002,Shenika,90,70090,CRAIG,Sofware Engineer,RUBY,7373538319,243 West 1190 North,cecily@hollack.org,        01/21/1995,TRUE,1200,https://s3.ap-south-1.amazonaws.com/letzlap/lap_images/profilepic/child1.jpg,https://s3.ap-south-1.amazonaws.com/letzlap/lap_images/profilepic/parent2.jpg,male
596393970148403c09545091,596393970148403c09546091,596393970148403c09541002,Delmy,91,70091,ALAN,Sofware Engineer,LOIS,7373538320,244 West 1190 North,carmelina_lindall@lindall.com,        02/22/1996,TRUE,1200,https://s3.ap-south-1.amazonaws.com/letzlap/lap_images/profilepic/child3.jpg,https://s3.ap-south-1.amazonaws.com/letzlap/lap_images/profilepic/parent1.jpeg,female
596393970148403c09545092,596393970148403c09546092,596393970148403c09541002,Deeanna,92,70092,SHAWN,Sofware Engineer,TINA,7373538321,245 West 1190 North,maurine_yglesias@yglesias.com,        03/23/1997,TRUE,1200,https://s3.ap-south-1.amazonaws.com/letzlap/lap_images/profilepic/child2.jpg,https://s3.ap-south-1.amazonaws.com/letzlap/lap_images/profilepic/parent1.jpeg,male
596393970148403c09545093,596393970148403c09546093,596393970148403c09541002,Blondell,93,70093,CLARENCE,Sofware Engineer,PHYLLIS,7373538322,246 West 1190 North,tawna@gmail.com,        04/24/1998,TRUE,1200,https://s3.ap-south-1.amazonaws.com/letzlap/lap_images/profilepic/child3.jpg,https://s3.ap-south-1.amazonaws.com/letzlap/lap_images/profilepic/parent2.jpg,female
596393970148403c09545094,596393970148403c09546094,596393970148403c09541002,Jamal,94,70094,SEAN,Sofware Engineer,NORMA,7373538323,247 West 1190 North,penney_weight@aol.com,        05/26/1992,TRUE,1200,https://s3.ap-south-1.amazonaws.com/letzlap/lap_images/profilepic/child2.jpg,https://s3.ap-south-1.amazonaws.com/letzlap/lap_images/profilepic/parent1.jpeg,male
596393970148403c09545095,596393970148403c09546095,596393970148403c09541002,Cecily,95,70095,PHILIP,Sofware Engineer,PAULA,7373538324,248 West 1190 North,elly_morocco@gmail.com,        06/27/1991,TRUE,1200,https://s3.ap-south-1.amazonaws.com/letzlap/lap_images/profilepic/child1.jpg,https://s3.ap-south-1.amazonaws.com/letzlap/lap_images/profilepic/parent1.jpeg,female
596393970148403c09545096,596393970148403c09546096,596393970148403c09541002,Carmelina,96,70096,CHRIS,Sofware Engineer,DIANA,7373538325,249 West 1190 North,ilene.eroman@hotmail.com,       07/28/1999,TRUE,1200,https://s3.ap-south-1.amazonaws.com/letzlap/lap_images/profilepic/child1.jpg,https://s3.ap-south-1.amazonaws.com/letzlap/lap_images/profilepic/parent1.jpeg,female
596393970148403c09545097,596393970148403c09546097,596393970148403c09541002,Maurine,97,70097,JOHNNY,Sofware Engineer,ANNIE,7373538326,250 West 1190 North,vmondella@mondella.com,        08/29/1999,TRUE,1200,https://s3.ap-south-1.amazonaws.com/letzlap/lap_images/profilepic/child1.jpg,https://s3.ap-south-1.amazonaws.com/letzlap/lap_images/profilepic/parent2.jpg,male
596393970148403c09545098,596393970148403c09546098,596393970148403c09541002,Tawna,98,70098,EARL,Sofware Engineer,LILLIAN,7373538327,251 West 1190 North,kallie.blackwood@gmail.com,        09/11/2006,TRUE,1200,https://s3.ap-south-1.amazonaws.com/letzlap/lap_images/profilepic/child2.jpg,https://s3.ap-south-1.amazonaws.com/letzlap/lap_images/profilepic/parent2.jpg,female
596393970148403c09545099,596393970148403c09546099,596393970148403c09541002,Penney,99,70099,JIMMY,Sofware Engineer,EMILY,7373538328,252 West 1190 North,johnetta_abdallah@aol.com,        10/12/2006,TRUE,1200,https://s3.ap-south-1.amazonaws.com/letzlap/lap_images/profilepic/child1.jpg,https://s3.ap-south-1.amazonaws.com/letzlap/lap_images/profilepic/parent1.jpeg,male
596393970148403c09545100,596393970148403c09546100,596393970148403c09541002,Elly,100,70100,ANTONIO,Sofware Engineer,ROBIN,7373538329,253 West 1190 North,brhym@rhym.com,        01/13/2007,TRUE,1200,https://s3.ap-south-1.amazonaws.com/letzlap/lap_images/profilepic/child2.jpg,https://s3.ap-south-1.amazonaws.com/letzlap/lap_images/profilepic/parent2.jpg,female
596393970148403c09545101,596393970148403c09546101,596393970148403c09541002,Ilene,101,70101,DANNY,Sofware Engineer,PEGGY,7373538330,254 West 1190 North,micaela_rhymes@gmail.com,        02/14/2008,TRUE,1200,https://s3.ap-south-1.amazonaws.com/letzlap/lap_images/profilepic/child3.jpg,https://s3.ap-south-1.amazonaws.com/letzlap/lap_images/profilepic/parent1.jpeg,male
596393970148403c09545102,596393970148403c09546102,596393970148403c09541002,Vallie,102,70102,BRYAN,Sofware Engineer,CRYSTAL,7373538331,255 West 1190 North,tamar@hotmail.com,        03/15/1997,TRUE,1200,https://s3.ap-south-1.amazonaws.com/letzlap/lap_images/profilepic/child2.jpg,https://s3.ap-south-1.amazonaws.com/letzlap/lap_images/profilepic/parent2.jpg,female
596393970148403c09545103,596393970148403c09546103,596393970148403c09541002,Kallie,103,70103,TONY,Sofware Engineer,GLADYS,7373538332,256 West 1190 North,moon@yahoo.com,        04/16/1998,TRUE,1200,https://s3.ap-south-1.amazonaws.com/letzlap/lap_images/profilepic/child3.jpg,https://s3.ap-south-1.amazonaws.com/letzlap/lap_images/profilepic/parent1.jpeg,female
596393970148403c09545104,596393970148403c09546104,596393970148403c09541002,Johnetta,104,70104,LUIS,Sofware Engineer,RITA,7373538333,257 West 1190 North,laurel_reitler@reitler.com,        05/17/1999,TRUE,1200,https://s3.ap-south-1.amazonaws.com/letzlap/lap_images/profilepic/child2.jpg,https://s3.ap-south-1.amazonaws.com/letzlap/lap_images/profilepic/parent2.jpg,male
596393970148403c09545105,596393970148403c09546105,596393970148403c09541002,Bobbye,105,70105,MIKE,Sofware Engineer,DAWN,7373538334,258 West 1190 North,delisa.crupi@crupi.com,        06/18/1994,TRUE,1200,https://s3.ap-south-1.amazonaws.com/letzlap/lap_images/profilepic/child3.jpg,https://s3.ap-south-1.amazonaws.com/letzlap/lap_images/profilepic/parent1.jpeg,male
596393970148403c09545106,596393970148403c09546106,596393970148403c09541002,Micaela,106,70106,STANLEY,Sofware Engineer,CONNIE,7373538335,259 West 1190 North,viva.toelkes@gmail.com,        07/19/2009,TRUE,1200,https://s3.ap-south-1.amazonaws.com/letzlap/lap_images/profilepic/child2.jpg,https://s3.ap-south-1.amazonaws.com/letzlap/lap_images/profilepic/parent2.jpg,male
596393970148403c09545107,596393970148403c09546107,596393970148403c09541002,Tamar,107,70107,LEONARD,Sofware Engineer,FLORENCE,7373538336,260 West 1190 North,elza@yahoo.com,        08/20/2010,TRUE,1200,https://s3.ap-south-1.amazonaws.com/letzlap/lap_images/profilepic/child3.jpg,https://s3.ap-south-1.amazonaws.com/letzlap/lap_images/profilepic/parent1.jpeg,female
596393970148403c09545108,596393970148403c09546108,596393970148403c09541002,Moon,108,70108,NATHAN,Sofware Engineer,TRACY,7373538337,261 West 1190 North,devorah@hotmail.com,        09/21/1997,TRUE,1200,https://s3.ap-south-1.amazonaws.com/letzlap/lap_images/profilepic/child2.jpg,https://s3.ap-south-1.amazonaws.com/letzlap/lap_images/profilepic/parent2.jpg,female
596393970148403c09545109,596393970148403c09546109,596393970148403c09541002,Laurel,109,70109,DALE,Sofware Engineer,EDNA,7373538338,262 West 1190 North,timothy_mulqueen@mulqueen.org,        10/22/2009,TRUE,1200,https://s3.ap-south-1.amazonaws.com/letzlap/lap_images/profilepic/child3.jpg,https://s3.ap-south-1.amazonaws.com/letzlap/lap_images/profilepic/parent1.jpeg,female
596393970148403c09545110,596393970148403c09546110,596393970148403c09541002,Delisa,110,70110,MANUEL,Sofware Engineer,TIFFANY,7373538339,263 West 1190 North,ahoneywell@honeywell.com,        01/23/2010,TRUE,1200,https://s3.ap-south-1.amazonaws.com/letzlap/lap_images/profilepic/child1.jpg,https://s3.ap-south-1.amazonaws.com/letzlap/lap_images/profilepic/parent2.jpg,male
596393970148403c09545111,596393970148403c09546111,596393970148403c09541002,Viva,111,70111,RODNEY,Sofware Engineer,CARMEN,7373538340,264 West 1190 North,dominque.dickerson@dickerson.org,        02/24/1998,TRUE,1200,https://s3.ap-south-1.amazonaws.com/letzlap/lap_images/profilepic/child3.jpg,https://s3.ap-south-1.amazonaws.com/letzlap/lap_images/profilepic/parent1.jpeg,male
596393970148403c09545112,596393970148403c09546112,596393970148403c09541002,Elza,112,70112,CURTIS,Sofware Engineer,ROSA,7373538341,265 West 1190 North,lettie_isenhower@yahoo.com,        03/25/1999,TRUE,1200,https://s3.ap-south-1.amazonaws.com/letzlap/lap_images/profilepic/child1.jpg,https://s3.ap-south-1.amazonaws.com/letzlap/lap_images/profilepic/parent2.jpg,male
596393970148403c09545113,596393970148403c09546113,596393970148403c09541002,Devorah,113,70113,NORMAN,Sofware Engineer,CINDY,7373538342,266 West 1190 North,mmunns@cox.net,        04/26/1997,TRUE,1200,https://s3.ap-south-1.amazonaws.com/letzlap/lap_images/profilepic/child2.jpg,https://s3.ap-south-1.amazonaws.com/letzlap/lap_images/profilepic/parent1.jpeg,female
596393970148403c09545114,596393970148403c09546114,596393970148403c09541002,Timothy,114,70114,ALLEN,Sofware Engineer,GRACE,7373538343,267 West 1190 North,stephaine@barfield.com,        05/27/1998,TRUE,1200,https://s3.ap-south-1.amazonaws.com/letzlap/lap_images/profilepic/child3.jpg,https://s3.ap-south-1.amazonaws.com/letzlap/lap_images/profilepic/parent2.jpg,female
596393970148403c09545115,596393970148403c09546115,596393970148403c09541002,Arlette,115,70115,MARVIN,Sofware Engineer,WENDY,7373538344,268 West 1190 North,lai.gato@gato.org,        06/28/2001,TRUE,1200,https://s3.ap-south-1.amazonaws.com/letzlap/lap_images/profilepic/child2.jpg,https://s3.ap-south-1.amazonaws.com/letzlap/lap_images/profilepic/parent1.jpeg,female
596393970148403c09545116,596393970148403c09546116,596393970148403c09541002,Dominque,116,70116,VINCENT,Sofware Engineer,VICTORIA,7373538345,269 West 1190 North,stephen_emigh@hotmail.com,        07/11/2002,TRUE,1200,https://s3.ap-south-1.amazonaws.com/letzlap/lap_images/profilepic/child3.jpg,https://s3.ap-south-1.amazonaws.com/letzlap/lap_images/profilepic/parent2.jpg,male
596393970148403c09545117,596393970148403c09546117,596393970148403c09541002,Lettie,117,70117,GLENN,Sofware Engineer,EDITH,7373538346,270 West 1190 North,tshields@gmail.com,        08/12/2003,TRUE,1200,https://s3.ap-south-1.amazonaws.com/letzlap/lap_images/profilepic/child2.jpg,https://s3.ap-south-1.amazonaws.com/letzlap/lap_images/profilepic/parent1.jpeg,male
596393970148403c09545118,596393970148403c09546118,596393970148403c09541002,Myra,118,70118,JEFFERY,Sofware Engineer,KIM,7373538347,271 West 1190 North,twardrip@cox.net,        09/13/2004,TRUE,1200,https://s3.ap-south-1.amazonaws.com/letzlap/lap_images/profilepic/child1.jpg,https://s3.ap-south-1.amazonaws.com/letzlap/lap_images/profilepic/parent2.jpg,female
596393970148403c09545119,596393970148403c09546119,596393970148403c09541002,Stephaine,119,70119,TRAVIS,Sofware Engineer,SHERRY,7373538348,272 West 1190 North,cory.gibes@gmail.com,        10/14/2005,TRUE,1200,https://s3.ap-south-1.amazonaws.com/letzlap/lap_images/profilepic/child1.jpg,https://s3.ap-south-1.amazonaws.com/letzlap/lap_images/profilepic/parent1.jpeg,female
596393970148403c09545120,596393970148403c09546120,596393970148403c09541002,Lai,120,70120,JEFF,Sofware Engineer,SYLVIA,7373538349,273 West 1190 North,danica_bruschke@gmail.com,        11/15/2006,TRUE,1200,https://s3.ap-south-1.amazonaws.com/letzlap/lap_images/profilepic/child3.jpg,https://s3.ap-south-1.amazonaws.com/letzlap/lap_images/profilepic/parent2.jpg,male
596393970148403c09545121,596393970148403c09546121,596393970148403c09541002,Naruto,121,70121,PRANESH,Sofware Engineer,Priti,7373538350,274 West 1190 North,priti@gmail.com,        01/16/2007,TRUE,1200,https://s3.ap-south-1.amazonaws.com/letzlap/lap_images/profilepic/child2.jpg,https://s3.ap-south-1.amazonaws.com/letzlap/lap_images/profilepic/parent1.jpeg,male
596393970148403c09545122,596393970148403c09546122,596393970148403c09541002,Kabuto,122,70122,Gokul,Sofware Engineer,Pragathi,7373538351,275 West 1190 North,pragathi@gmail.com,        02/17/2008,TRUE,1200,https://s3.ap-south-1.amazonaws.com/letzlap/lap_images/profilepic/child3.jpg,https://s3.ap-south-1.amazonaws.com/letzlap/lap_images/profilepic/parent2.jpg,female
596393970148403c09545123,596393970148403c09546123,596393970148403c09541002,Kakashi,123,70123,GANESH,Sofware Engineer,Lakshmi,7373538352,276 West 1190 North,lakshmiganesh@gmail.com,        03/18/2009,TRUE,1200,https://s3.ap-south-1.amazonaws.com/letzlap/lap_images/profilepic/child2.jpg,https://s3.ap-south-1.amazonaws.com/letzlap/lap_images/profilepic/parent1.jpeg,female
596393970148403c09545124,596393970148403c09546124,596393970148403c09541002,Sakura,124,70124,GOPI,Sofware Engineer,Shanmuga,7373538353,277 West 1190 North,shanmuga@gmail.com,        04/19/2010,TRUE,1200,https://s3.ap-south-1.amazonaws.com/letzlap/lap_images/profilepic/child1.jpg,https://s3.ap-south-1.amazonaws.com/letzlap/lap_images/profilepic/parent2.jpg,female
596393970148403c09545125,596393970148403c09546125,596393970148403c09541002,Hinatha,125,70125,IMRAN,Sofware Engineer,Sajana,7373538354,278 West 1190 North,sajana@gmail.com,        05/20/1999,TRUE,1200,https://s3.ap-south-1.amazonaws.com/letzlap/lap_images/profilepic/child3.jpg,https://s3.ap-south-1.amazonaws.com/letzlap/lap_images/profilepic/parent1.jpeg,male
596393970148403c09545126,596393970148403c09546126,596393970148403c09541002,Knohamaru,126,70126,IMTIYAZ,Sofware Engineer,Shrithi,7373538355,279 West 1190 North,shrithi@gmail.com,        06/21/2005,TRUE,1200,https://s3.ap-south-1.amazonaws.com/letzlap/lap_images/profilepic/child2.jpg,https://s3.ap-south-1.amazonaws.com/letzlap/lap_images/profilepic/parent2.jpg,male
596393970148403c09545127,596393970148403c09546127,596393970148403c09541002,Jiraya,127,70127,SHAKIB,Sofware Engineer,Kalyani,7373538356,280 West 1190 North,kalyani@gmail.com,        07/22/1998,TRUE,1200,https://s3.ap-south-1.amazonaws.com/letzlap/lap_images/profilepic/child3.jpg,https://s3.ap-south-1.amazonaws.com/letzlap/lap_images/profilepic/parent1.jpeg,male
596393970148403c09545128,596393970148403c09546128,596393970148403c09541002,Sunathae,128,70128,SAMMUEL,Sofware Engineer,Kalyvani,7373538357,281 West 1190 North,kalyvani@gmail.com,        08/23/1993,TRUE,1200,https://s3.ap-south-1.amazonaws.com/letzlap/lap_images/profilepic/child1.jpg,https://s3.ap-south-1.amazonaws.com/letzlap/lap_images/profilepic/parent2.jpg,female
596393970148403c09545129,596393970148403c09546129,596393970148403c09541002,Suja,129,70129,SHAKTHI,Sofware Engineer,Keerthi,7373538358,282 West 1190 North,keerthi@gmail.com,        09/24/1999,TRUE,1200,https://s3.ap-south-1.amazonaws.com/letzlap/lap_images/profilepic/child3.jpg,https://s3.ap-south-1.amazonaws.com/letzlap/lap_images/profilepic/parent2.jpg,male
596393970148403c09545130,596393970148403c09546130,596393970148403c09541002,Sami,130,70130,ZORDEN,Sofware Engineer,Keerthana,7373538359,283 West 1190 North,keerthana@gmail.com,        10/24/1997,TRUE,1200,https://s3.ap-south-1.amazonaws.com/letzlap/lap_images/profilepic/child2.jpg,https://s3.ap-south-1.amazonaws.com/letzlap/lap_images/profilepic/parent1.jpeg,female
596393970148403c09545131,596393970148403c09546131,596393970148403c09541002,Kathivael,131,70131,Jaffer,Sofware Engineer,Monisha,7373538360,284 West 1190 North,monisha@gmail.com,        11/25/1996,TRUE,1200,https://s3.ap-south-1.amazonaws.com/letzlap/lap_images/profilepic/child3.jpg,https://s3.ap-south-1.amazonaws.com/letzlap/lap_images/profilepic/parent2.jpg,male
596393970148403c09545132,596393970148403c09546132,596393970148403c09541002,Karttu,132,70132,Kamal,Sofware Engineer,Manisha,7373538361,285 West 1190 North,manisha@gmail.com,        12/26/1996,TRUE,1200,https://s3.ap-south-1.amazonaws.com/letzlap/lap_images/profilepic/child2.jpg,https://s3.ap-south-1.amazonaws.com/letzlap/lap_images/profilepic/parent1.jpeg,female
